{
    "now": "2023-09-23T20:25:08.302Z",
    "perfNow": 16393117.799999999,
    "diagnosticCorrelation": "c62f2ca0-e633-4fca-9109-4d32b17faa5b",
    "source": "DownloadSupportFiles",
    "environment": {
        "productName": "adf",
        "buildVersion": "1.0.091923.6",
        "environmentType": 3,
        "resourceName": "project1wihlerdf",
        "resourceRegion": "brazilsouth",
        "resourceGroup": "project1wihler",
        "subscriptionId": "2041b999-a6ba-4866-9346-f68fe43181c4",
        "sessionId": "JQFKYaImuLjzN8CoU1ehnj",
        "operationId": "",
        "gitType": "live",
        "loggingKey": "542fd993-fe5d-4e86-80b1-7d06172629b7"
    },
    "additionalInfo": {
        "selectedResource": "dataflow1",
        "selectedResourceType": "dataflow",
        "dataFlowSessionId": "160dd362-e5b6-464f-ac97-35c4456f46ec"
    }
}