{"$schema":"http://schema.management.azure.com/schemas/2015-01-01/deploymentTemplate.json#","contentVersion":"1.0.0.0","parameters":{"factoryName":{"type":"string","metadata":"Data Factory name"},"AzureBlobStorage2":{"type":"string"}},"variables":{"factoryId":"[concat('Microsoft.DataFactory/factories/', parameters('factoryName'))]"},"resources":[{"name":"[concat(parameters('factoryName'), '/pipeline1')]","type":"Microsoft.DataFactory/factories/pipelines","apiVersion":"2018-06-01","properties":{"activities":[{"name":"Get Metadata1","type":"GetMetadata","dependsOn":[],"policy":{"timeout":"0.12:00:00","retry":0,"retryIntervalInSeconds":30,"secureOutput":false,"secureInput":false},"userProperties":[],"typeProperties":{"dataset":{"referenceName":"raw_container_json","type":"DatasetReference","parameters":{}},"fieldList":["childItems"],"storeSettings":{"type":"AzureBlobStorageReadSettings","enablePartitionDiscovery":false},"formatSettings":{"type":"JsonReadSettings"}}},{"name":"ForEach1","type":"ForEach","dependsOn":[{"activity":"Get Metadata1","dependencyConditions":["Completed"]}],"userProperties":[],"typeProperties":{"items":{"value":"@activity('Get Metadata1').output.childItems","type":"Expression"},"activities":[{"name":"If Condition1","type":"IfCondition","dependsOn":[],"userProperties":[],"typeProperties":{"expression":{"value":"@contains(item().name,'employee.json' )","type":"Expression"},"ifFalseActivities":[{"name":"Copy data2","type":"Copy","dependsOn":[],"policy":{"timeout":"0.12:00:00","retry":0,"retryIntervalInSeconds":30,"secureOutput":false,"secureInput":false},"userProperties":[],"typeProperties":{"source":{"type":"JsonSource","storeSettings":{"type":"AzureBlobStorageReadSettings","recursive":true,"enablePartitionDiscovery":false},"formatSettings":{"type":"JsonReadSettings"}},"sink":{"type":"DelimitedTextSink","storeSettings":{"type":"AzureBlobStorageWriteSettings"},"formatSettings":{"type":"DelimitedTextWriteSettings","quoteAllText":true,"fileExtension":".txt"}},"enableStaging":false},"inputs":[{"referenceName":"Json2","type":"DatasetReference","parameters":{}}],"outputs":[{"referenceName":"DelimitedText2","type":"DatasetReference","parameters":{}}]}],"ifTrueActivities":[{"name":"Copy data1","type":"Copy","dependsOn":[],"policy":{"timeout":"0.12:00:00","retry":0,"retryIntervalInSeconds":30,"secureOutput":false,"secureInput":false},"userProperties":[],"typeProperties":{"source":{"type":"JsonSource","storeSettings":{"type":"AzureBlobStorageReadSettings","recursive":true,"enablePartitionDiscovery":false},"formatSettings":{"type":"JsonReadSettings"}},"sink":{"type":"DelimitedTextSink","storeSettings":{"type":"AzureBlobStorageWriteSettings"},"formatSettings":{"type":"DelimitedTextWriteSettings","quoteAllText":true,"fileExtension":".txt"}},"enableStaging":false},"inputs":[{"referenceName":"Json1","type":"DatasetReference","parameters":{}}],"outputs":[{"referenceName":"DelimitedText1","type":"DatasetReference","parameters":{}}]}]}}]}}],"policy":{"elapsedTimeMetric":{},"cancelAfter":{}},"annotations":[]},"dependsOn":["[concat(variables('factoryId'), '/datasets/raw_container_json')]","[concat(variables('factoryId'), '/datasets/Json1')]","[concat(variables('factoryId'), '/datasets/DelimitedText1')]","[concat(variables('factoryId'), '/datasets/Json2')]","[concat(variables('factoryId'), '/datasets/DelimitedText2')]"]},{"name":"[concat(parameters('factoryName'), '/raw_container_json')]","type":"Microsoft.DataFactory/factories/datasets","apiVersion":"2018-06-01","properties":{"linkedServiceName":{"referenceName":"[parameters('AzureBlobStorage2')]","type":"LinkedServiceReference"},"annotations":[],"type":"Json","typeProperties":{"location":{"type":"AzureBlobStorageLocation","container":"raw-container"}},"schema":{"type":"object","properties":{"DEPARTMENT_ID":{"type":"integer"},"DEPARTMENT_NAME":{"type":"string"},"MANAGER_ID":{"type":"integer"},"LOCATION_ID":{"type":"integer"}}}},"dependsOn":[]},{"name":"[concat(parameters('factoryName'), '/Json1')]","type":"Microsoft.DataFactory/factories/datasets","apiVersion":"2018-06-01","properties":{"linkedServiceName":{"referenceName":"[parameters('AzureBlobStorage2')]","type":"LinkedServiceReference"},"annotations":[],"type":"Json","typeProperties":{"location":{"type":"AzureBlobStorageLocation","fileName":"employee.json","container":"raw-container"}},"schema":{"type":"object","properties":{"EMPLOYEE_ID":{"type":"integer"},"FIRST_NAME":{"type":"string"},"LAST_NAME":{"type":"string"},"EMAIL":{"type":"string"},"PHONE_NUMBER":{"type":"string"},"HIRE_DATE":{"type":"string"},"JOB_ID":{"type":"string"},"SALARY":{"type":"integer"},"COMMISSION_PCT":{"type":"integer"},"MANAGER_ID":{"type":"integer"},"DEPARTMENT_ID":{"type":"integer"}}}},"dependsOn":[]},{"name":"[concat(parameters('factoryName'), '/DelimitedText1')]","type":"Microsoft.DataFactory/factories/datasets","apiVersion":"2018-06-01","properties":{"linkedServiceName":{"referenceName":"[parameters('AzureBlobStorage2')]","type":"LinkedServiceReference"},"annotations":[],"type":"DelimitedText","typeProperties":{"location":{"type":"AzureBlobStorageLocation","container":"employee"},"columnDelimiter":",","escapeChar":"\\","firstRowAsHeader":true,"quoteChar":"\""},"schema":[]},"dependsOn":[]},{"name":"[concat(parameters('factoryName'), '/Json2')]","type":"Microsoft.DataFactory/factories/datasets","apiVersion":"2018-06-01","properties":{"linkedServiceName":{"referenceName":"[parameters('AzureBlobStorage2')]","type":"LinkedServiceReference"},"annotations":[],"type":"Json","typeProperties":{"location":{"type":"AzureBlobStorageLocation","fileName":"department.json","container":"raw-container"}},"schema":{"type":"object","properties":{"DEPARTMENT_ID":{"type":"integer"},"DEPARTMENT_NAME":{"type":"string"},"MANAGER_ID":{"type":"integer"},"LOCATION_ID":{"type":"integer"}}}},"dependsOn":[]},{"name":"[concat(parameters('factoryName'), '/DelimitedText2')]","type":"Microsoft.DataFactory/factories/datasets","apiVersion":"2018-06-01","properties":{"linkedServiceName":{"referenceName":"[parameters('AzureBlobStorage2')]","type":"LinkedServiceReference"},"annotations":[],"type":"DelimitedText","typeProperties":{"location":{"type":"AzureBlobStorageLocation","container":"department"},"columnDelimiter":",","escapeChar":"\\","firstRowAsHeader":true,"quoteChar":"\""},"schema":[]},"dependsOn":[]}]}